Tarikh Miladi,Tarikh Hijri,Hari,Imsak,Subuh,Syuruk,Zohor,Asar,Maghrib,Isyak
01/01/2025,01-Rej-1446,Rabu,5:58 AM,6:08 AM,7:22 AM,1:17 PM,4:38 PM,7:10 PM,8:20 PM
02/01/2025,02-Rej-1446,Khamis,5:58 AM,6:08 AM,7:22 AM,1:18 PM,4:39 PM,7:10 PM,8:20 PM
03/01/2025,03-Rej-1446,Jumaat,5:59 AM,6:09 AM,7:23 AM,1:18 PM,4:39 PM,7:11 PM,8:21 PM
04/01/2025,04-Rej-1446,Sabtu,5:59 AM,6:09 AM,7:23 AM,1:19 PM,4:40 PM,7:11 PM,8:21 PM
05/01/2025,05-Rej-1446,Ahad,6:00 AM,6:10 AM,7:23 AM,1:19 PM,4:40 PM,7:12 PM,8:22 PM
06/01/2025,06-Rej-1446,Isnin,6:00 AM,6:10 AM,7:24 AM,1:19 PM,4:41 PM,7:12 PM,8:22 PM
07/01/2025,07-Rej-1446,Selasa,6:01 AM,6:11 AM,7:24 AM,1:20 PM,4:41 PM,7:13 PM,8:23 PM
08/01/2025,08-Rej-1446,Rabu,6:01 AM,6:11 AM,7:24 AM,1:20 PM,4:41 PM,7:13 PM,8:23 PM
09/01/2025,09-Rej-1446,Khamis,6:02 AM,6:12 AM,7:25 AM,1:21 PM,4:42 PM,7:13 PM,8:23 PM
10/01/2025,10-Rej-1446,Jumaat,6:02 AM,6:12 AM,7:25 AM,1:21 PM,4:42 PM,7:14 PM,8:24 PM
11/01/2025,11-Rej-1446,Sabtu,6:02 AM,6:12 AM,7:26 AM,1:22 PM,4:43 PM,7:14 PM,8:24 PM
12/01/2025,12-Rej-1446,Ahad,6:03 AM,6:13 AM,7:26 AM,1:22 PM,4:43 PM,7:15 PM,8:25 PM
13/01/2025,13-Rej-1446,Isnin,6:03 AM,6:13 AM,7:26 AM,1:22 PM,4:43 PM,7:15 PM,8:25 PM
14/01/2025,14-Rej-1446,Selasa,6:04 AM,6:14 AM,7:26 AM,1:23 PM,4:44 PM,7:16 PM,8:25 PM
15/01/2025,15-Rej-1446,Rabu,6:04 AM,6:14 AM,7:27 AM,1:23 PM,4:44 PM,7:16 PM,8:26 PM
16/01/2025,16-Rej-1446,Khamis,6:04 AM,6:14 AM,7:27 AM,1:23 PM,4:45 PM,7:17 PM,8:26 PM
17/01/2025,17-Rej-1446,Jumaat,6:05 AM,6:15 AM,7:27 AM,1:24 PM,4:45 PM,7:17 PM,8:26 PM
18/01/2025,18-Rej-1446,Sabtu,6:05 AM,6:15 AM,7:27 AM,1:24 PM,4:45 PM,7:18 PM,8:27 PM
19/01/2025,19-Rej-1446,Ahad,6:05 AM,6:15 AM,7:28 AM,1:24 PM,4:46 PM,7:18 PM,8:27 PM
20/01/2025,20-Rej-1446,Isnin,6:06 AM,6:16 AM,7:28 AM,1:25 PM,4:46 PM,7:18 PM,8:27 PM
21/01/2025,21-Rej-1446,Selasa,6:06 AM,6:16 AM,7:28 AM,1:25 PM,4:46 PM,7:19 PM,8:28 PM
22/01/2025,22-Rej-1446,Rabu,6:06 AM,6:16 AM,7:28 AM,1:25 PM,4:46 PM,7:19 PM,8:28 PM
23/01/2025,23-Rej-1446,Khamis,6:06 AM,6:16 AM,7:28 AM,1:25 PM,4:47 PM,7:19 PM,8:28 PM
24/01/2025,24-Rej-1446,Jumaat,6:07 AM,6:17 AM,7:28 AM,1:26 PM,4:47 PM,7:20 PM,8:28 PM
25/01/2025,25-Rej-1446,Sabtu,6:07 AM,6:17 AM,7:29 AM,1:26 PM,4:47 PM,7:20 PM,8:29 PM
26/01/2025,26-Rej-1446,Ahad,6:07 AM,6:17 AM,7:29 AM,1:26 PM,4:47 PM,7:20 PM,8:29 PM
27/01/2025,27-Rej-1446,Isnin,6:07 AM,6:17 AM,7:29 AM,1:26 PM,4:47 PM,7:21 PM,8:29 PM
28/01/2025,28-Rej-1446,Selasa,6:07 AM,6:17 AM,7:29 AM,1:27 PM,4:48 PM,7:21 PM,8:29 PM
29/01/2025,29-Rej-1446,Rabu,6:08 AM,6:18 AM,7:29 AM,1:27 PM,4:48 PM,7:21 PM,8:29 PM
30/01/2025,30-Rej-1446,Khamis,6:08 AM,6:18 AM,7:29 AM,1:27 PM,4:48 PM,7:22 PM,8:30 PM
31/01/2025,01-Syb-1446,Jumaat,6:08 AM,6:18 AM,7:29 AM,1:27 PM,4:48 PM,7:22 PM,8:30 PM
01/02/2025,02-Syb-1446,Sabtu,6:08 AM,6:18 AM,7:29 AM,1:27 PM,4:48 PM,7:22 PM,8:30 PM
02/02/2025,03-Syb-1446,Ahad,6:08 AM,6:18 AM,7:29 AM,1:27 PM,4:48 PM,7:22 PM,8:30 PM
03/02/2025,04-Syb-1446,Isnin,6:08 AM,6:18 AM,7:29 AM,1:27 PM,4:48 PM,7:23 PM,8:30 PM
04/02/2025,05-Syb-1446,Selasa,6:08 AM,6:18 AM,7:29 AM,1:28 PM,4:48 PM,7:23 PM,8:30 PM
05/02/2025,06-Syb-1446,Rabu,6:08 AM,6:18 AM,7:29 AM,1:28 PM,4:48 PM,7:23 PM,8:31 PM
06/02/2025,07-Syb-1446,Khamis,6:08 AM,6:18 AM,7:29 AM,1:28 PM,4:48 PM,7:23 PM,8:31 PM
07/02/2025,08-Syb-1446,Jumaat,6:08 AM,6:18 AM,7:29 AM,1:28 PM,4:48 PM,7:24 PM,8:31 PM
08/02/2025,09-Syb-1446,Sabtu,6:08 AM,6:18 AM,7:29 AM,1:28 PM,4:48 PM,7:24 PM,8:31 PM
09/02/2025,10-Syb-1446,Ahad,6:08 AM,6:18 AM,7:29 AM,1:28 PM,4:48 PM,7:24 PM,8:31 PM
10/02/2025,11-Syb-1446,Isnin,6:08 AM,6:18 AM,7:28 AM,1:28 PM,4:48 PM,7:24 PM,8:31 PM
11/02/2025,12-Syb-1446,Selasa,6:08 AM,6:18 AM,7:28 AM,1:28 PM,4:48 PM,7:24 PM,8:31 PM
12/02/2025,13-Syb-1446,Rabu,6:08 AM,6:18 AM,7:28 AM,1:28 PM,4:48 PM,7:24 PM,8:31 PM
13/02/2025,14-Syb-1446,Khamis,6:08 AM,6:18 AM,7:28 AM,1:28 PM,4:48 PM,7:24 PM,8:31 PM
14/02/2025,15-Syb-1446,Jumaat,6:08 AM,6:18 AM,7:28 AM,1:28 PM,4:47 PM,7:25 PM,8:31 PM
15/02/2025,16-Syb-1446,Sabtu,6:08 AM,6:18 AM,7:28 AM,1:28 PM,4:47 PM,7:25 PM,8:31 PM
16/02/2025,17-Syb-1446,Ahad,6:08 AM,6:18 AM,7:27 AM,1:28 PM,4:47 PM,7:25 PM,8:31 PM
17/02/2025,18-Syb-1446,Isnin,6:08 AM,6:18 AM,7:27 AM,1:28 PM,4:47 PM,7:25 PM,8:31 PM
18/02/2025,19-Syb-1446,Selasa,6:08 AM,6:18 AM,7:27 AM,1:28 PM,4:47 PM,7:25 PM,8:31 PM
19/02/2025,20-Syb-1446,Rabu,6:08 AM,6:18 AM,7:27 AM,1:27 PM,4:46 PM,7:25 PM,8:31 PM
20/02/2025,21-Syb-1446,Khamis,6:07 AM,6:17 AM,7:26 AM,1:27 PM,4:46 PM,7:25 PM,8:31 PM
21/02/2025,22-Syb-1446,Jumaat,6:07 AM,6:17 AM,7:26 AM,1:27 PM,4:46 PM,7:25 PM,8:31 PM
22/02/2025,23-Syb-1446,Sabtu,6:07 AM,6:17 AM,7:26 AM,1:27 PM,4:45 PM,7:25 PM,8:31 PM
23/02/2025,24-Syb-1446,Ahad,6:07 AM,6:17 AM,7:26 AM,1:27 PM,4:45 PM,7:25 PM,8:31 PM
24/02/2025,25-Syb-1446,Isnin,6:07 AM,6:17 AM,7:25 AM,1:27 PM,4:45 PM,7:25 PM,8:31 PM
25/02/2025,26-Syb-1446,Selasa,6:06 AM,6:16 AM,7:25 AM,1:27 PM,4:44 PM,7:25 PM,8:31 PM
26/02/2025,27-Syb-1446,Rabu,6:06 AM,6:16 AM,7:25 AM,1:27 PM,4:44 PM,7:25 PM,8:31 PM
27/02/2025,28-Syb-1446,Khamis,6:06 AM,6:16 AM,7:24 AM,1:26 PM,4:43 PM,7:25 PM,8:31 PM
28/02/2025,29-Syb-1446,Jumaat,6:05 AM,6:15 AM,7:24 AM,1:26 PM,4:43 PM,7:25 PM,8:31 PM
01/03/2025,30-Syb-1446,Sabtu,6:05 AM,6:15 AM,7:24 AM,1:26 PM,4:43 PM,7:25 PM,8:31 PM
02/03/2025,01-Ram-1446,Ahad,6:05 AM,6:15 AM,7:23 AM,1:26 PM,4:42 PM,7:25 PM,8:30 PM
03/03/2025,02-Ram-1446,Isnin,6:05 AM,6:15 AM,7:23 AM,1:26 PM,4:42 PM,7:25 PM,8:30 PM
04/03/2025,03-Ram-1446,Selasa,6:04 AM,6:14 AM,7:23 AM,1:25 PM,4:41 PM,7:25 PM,8:30 PM
05/03/2025,04-Ram-1446,Rabu,6:04 AM,6:14 AM,7:22 AM,1:25 PM,4:41 PM,7:25 PM,8:30 PM
06/03/2025,05-Ram-1446,Khamis,6:04 AM,6:14 AM,7:22 AM,1:25 PM,4:40 PM,7:25 PM,8:30 PM
07/03/2025,06-Ram-1446,Jumaat,6:03 AM,6:13 AM,7:21 AM,1:25 PM,4:39 PM,7:25 PM,8:30 PM
08/03/2025,07-Ram-1446,Sabtu,6:03 AM,6:13 AM,7:21 AM,1:24 PM,4:39 PM,7:25 PM,8:30 PM
09/03/2025,08-Ram-1446,Ahad,6:02 AM,6:12 AM,7:21 AM,1:24 PM,4:38 PM,7:25 PM,8:30 PM
10/03/2025,09-Ram-1446,Isnin,6:02 AM,6:12 AM,7:20 AM,1:24 PM,4:38 PM,7:25 PM,8:30 PM
11/03/2025,10-Ram-1446,Selasa,6:02 AM,6:12 AM,7:20 AM,1:24 PM,4:37 PM,7:24 PM,8:30 PM
12/03/2025,11-Ram-1446,Rabu,6:01 AM,6:11 AM,7:19 AM,1:23 PM,4:36 PM,7:24 PM,8:29 PM
13/03/2025,12-Ram-1446,Khamis,6:01 AM,6:11 AM,7:19 AM,1:23 PM,4:36 PM,7:24 PM,8:29 PM
14/03/2025,13-Ram-1446,Jumaat,6:00 AM,6:10 AM,7:18 AM,1:23 PM,4:35 PM,7:24 PM,8:29 PM
15/03/2025,14-Ram-1446,Sabtu,6:00 AM,6:10 AM,7:18 AM,1:23 PM,4:34 PM,7:24 PM,8:29 PM
16/03/2025,15-Ram-1446,Ahad,5:59 AM,6:09 AM,7:18 AM,1:22 PM,4:33 PM,7:24 PM,8:29 PM
17/03/2025,16-Ram-1446,Isnin,5:59 AM,6:09 AM,7:17 AM,1:22 PM,4:33 PM,7:24 PM,8:29 PM
18/03/2025,17-Ram-1446,Selasa,5:59 AM,6:09 AM,7:17 AM,1:22 PM,4:32 PM,7:24 PM,8:29 PM
19/03/2025,18-Ram-1446,Rabu,5:58 AM,6:08 AM,7:16 AM,1:21 PM,4:31 PM,7:23 PM,8:29 PM
20/03/2025,19-Ram-1446,Khamis,5:58 AM,6:08 AM,7:16 AM,1:21 PM,4:30 PM,7:23 PM,8:28 PM
21/03/2025,20-Ram-1446,Jumaat,5:57 AM,6:07 AM,7:15 AM,1:21 PM,4:30 PM,7:23 PM,8:28 PM
22/03/2025,21-Ram-1446,Sabtu,5:57 AM,6:07 AM,7:15 AM,1:21 PM,4:29 PM,7:23 PM,8:28 PM
23/03/2025,22-Ram-1446,Ahad,5:56 AM,6:06 AM,7:14 AM,1:20 PM,4:28 PM,7:23 PM,8:28 PM
24/03/2025,23-Ram-1446,Isnin,5:56 AM,6:06 AM,7:14 AM,1:20 PM,4:27 PM,7:23 PM,8:28 PM
25/03/2025,24-Ram-1446,Selasa,5:55 AM,6:05 AM,7:13 AM,1:20 PM,4:26 PM,7:23 PM,8:28 PM
26/03/2025,25-Ram-1446,Rabu,5:55 AM,6:05 AM,7:13 AM,1:19 PM,4:25 PM,7:23 PM,8:28 PM
27/03/2025,26-Ram-1446,Khamis,5:54 AM,6:04 AM,7:12 AM,1:19 PM,4:25 PM,7:22 PM,8:28 PM
28/03/2025,27-Ram-1446,Jumaat,5:54 AM,6:04 AM,7:12 AM,1:19 PM,4:24 PM,7:22 PM,8:27 PM
29/03/2025,28-Ram-1446,Sabtu,5:53 AM,6:03 AM,7:12 AM,1:18 PM,4:23 PM,7:22 PM,8:27 PM
30/03/2025,29-Ram-1446,Ahad,5:53 AM,6:03 AM,7:11 AM,1:18 PM,4:22 PM,7:22 PM,8:27 PM
31/03/2025,01-Syw-1446,Isnin,5:52 AM,6:02 AM,7:11 AM,1:18 PM,4:21 PM,7:22 PM,8:27 PM
01/04/2025,02-Syw-1446,Selasa,5:52 AM,6:02 AM,7:10 AM,1:18 PM,4:20 PM,7:22 PM,8:27 PM
02/04/2025,03-Syw-1446,Rabu,5:51 AM,6:01 AM,7:10 AM,1:17 PM,4:19 PM,7:22 PM,8:27 PM
03/04/2025,04-Syw-1446,Khamis,5:51 AM,6:01 AM,7:09 AM,1:17 PM,4:18 PM,7:22 PM,8:27 PM
04/04/2025,05-Syw-1446,Jumaat,5:50 AM,6:00 AM,7:09 AM,1:17 PM,4:17 PM,7:21 PM,8:27 PM
05/04/2025,06-Syw-1446,Sabtu,5:50 AM,6:00 AM,7:08 AM,1:16 PM,4:17 PM,7:21 PM,8:27 PM
06/04/2025,07-Syw-1446,Ahad,5:49 AM,5:59 AM,7:08 AM,1:16 PM,4:17 PM,7:21 PM,8:27 PM
07/04/2025,08-Syw-1446,Isnin,5:49 AM,5:59 AM,7:07 AM,1:16 PM,4:18 PM,7:21 PM,8:27 PM
08/04/2025,09-Syw-1446,Selasa,5:48 AM,5:58 AM,7:07 AM,1:16 PM,4:18 PM,7:21 PM,8:27 PM
09/04/2025,10-Syw-1446,Rabu,5:48 AM,5:58 AM,7:07 AM,1:15 PM,4:19 PM,7:21 PM,8:27 PM
10/04/2025,11-Syw-1446,Khamis,5:47 AM,5:57 AM,7:06 AM,1:15 PM,4:19 PM,7:21 PM,8:27 PM
11/04/2025,12-Syw-1446,Jumaat,5:47 AM,5:57 AM,7:06 AM,1:15 PM,4:20 PM,7:21 PM,8:27 PM
12/04/2025,13-Syw-1446,Sabtu,5:46 AM,5:56 AM,7:05 AM,1:14 PM,4:20 PM,7:20 PM,8:27 PM
13/04/2025,14-Syw-1446,Ahad,5:46 AM,5:56 AM,7:05 AM,1:14 PM,4:21 PM,7:20 PM,8:26 PM
14/04/2025,15-Syw-1446,Isnin,5:45 AM,5:55 AM,7:04 AM,1:14 PM,4:21 PM,7:20 PM,8:26 PM
15/04/2025,16-Syw-1446,Selasa,5:45 AM,5:55 AM,7:04 AM,1:14 PM,4:21 PM,7:20 PM,8:26 PM
16/04/2025,17-Syw-1446,Rabu,5:44 AM,5:54 AM,7:04 AM,1:13 PM,4:22 PM,7:20 PM,8:26 PM
17/04/2025,18-Syw-1446,Khamis,5:44 AM,5:54 AM,7:03 AM,1:13 PM,4:22 PM,7:20 PM,8:26 PM
18/04/2025,19-Syw-1446,Jumaat,5:43 AM,5:53 AM,7:03 AM,1:13 PM,4:23 PM,7:20 PM,8:27 PM
19/04/2025,20-Syw-1446,Sabtu,5:43 AM,5:53 AM,7:02 AM,1:13 PM,4:23 PM,7:20 PM,8:27 PM
20/04/2025,21-Syw-1446,Ahad,5:42 AM,5:52 AM,7:02 AM,1:13 PM,4:23 PM,7:20 PM,8:27 PM
21/04/2025,22-Syw-1446,Isnin,5:42 AM,5:52 AM,7:02 AM,1:12 PM,4:24 PM,7:20 PM,8:27 PM
22/04/2025,23-Syw-1446,Selasa,5:41 AM,5:51 AM,7:01 AM,1:12 PM,4:24 PM,7:20 PM,8:27 PM
23/04/2025,24-Syw-1446,Rabu,5:41 AM,5:51 AM,7:01 AM,1:12 PM,4:24 PM,7:20 PM,8:27 PM
24/04/2025,25-Syw-1446,Khamis,5:40 AM,5:50 AM,7:01 AM,1:12 PM,4:25 PM,7:20 PM,8:27 PM
25/04/2025,26-Syw-1446,Jumaat,5:40 AM,5:50 AM,7:00 AM,1:12 PM,4:25 PM,7:20 PM,8:27 PM
26/04/2025,27-Syw-1446,Sabtu,5:40 AM,5:50 AM,7:00 AM,1:11 PM,4:25 PM,7:20 PM,8:27 PM
27/04/2025,28-Syw-1446,Ahad,5:39 AM,5:49 AM,7:00 AM,1:11 PM,4:26 PM,7:20 PM,8:27 PM
28/04/2025,29-Syw-1446,Isnin,5:39 AM,5:49 AM,6:59 AM,1:11 PM,4:26 PM,7:20 PM,8:27 PM
29/04/2025,01-Zkh-1446,Selasa,5:38 AM,5:48 AM,6:59 AM,1:11 PM,4:26 PM,7:20 PM,8:27 PM
30/04/2025,02-Zkh-1446,Rabu,5:38 AM,5:48 AM,6:59 AM,1:11 PM,4:27 PM,7:20 PM,8:27 PM
01/05/2025,03-Zkh-1446,Khamis,5:38 AM,5:48 AM,6:59 AM,1:11 PM,4:27 PM,7:20 PM,8:28 PM
02/05/2025,04-Zkh-1446,Jumaat,5:37 AM,5:47 AM,6:58 AM,1:11 PM,4:27 PM,7:20 PM,8:28 PM
03/05/2025,05-Zkh-1446,Sabtu,5:37 AM,5:47 AM,6:58 AM,1:11 PM,4:28 PM,7:20 PM,8:28 PM
04/05/2025,06-Zkh-1446,Ahad,5:37 AM,5:47 AM,6:58 AM,1:10 PM,4:28 PM,7:20 PM,8:28 PM
05/05/2025,07-Zkh-1446,Isnin,5:36 AM,5:46 AM,6:58 AM,1:10 PM,4:28 PM,7:20 PM,8:28 PM
06/05/2025,08-Zkh-1446,Selasa,5:36 AM,5:46 AM,6:57 AM,1:10 PM,4:29 PM,7:20 PM,8:28 PM
07/05/2025,09-Zkh-1446,Rabu,5:36 AM,5:46 AM,6:57 AM,1:10 PM,4:29 PM,7:20 PM,8:28 PM
08/05/2025,10-Zkh-1446,Khamis,5:35 AM,5:45 AM,6:57 AM,1:10 PM,4:29 PM,7:20 PM,8:29 PM
09/05/2025,11-Zkh-1446,Jumaat,5:35 AM,5:45 AM,6:57 AM,1:10 PM,4:30 PM,7:20 PM,8:29 PM
10/05/2025,12-Zkh-1446,Sabtu,5:35 AM,5:45 AM,6:57 AM,1:10 PM,4:30 PM,7:20 PM,8:29 PM
11/05/2025,13-Zkh-1446,Ahad,5:34 AM,5:44 AM,6:57 AM,1:10 PM,4:30 PM,7:20 PM,8:29 PM
12/05/2025,14-Zkh-1446,Isnin,5:34 AM,5:44 AM,6:56 AM,1:10 PM,4:30 PM,7:20 PM,8:29 PM
13/05/2025,15-Zkh-1446,Selasa,5:34 AM,5:44 AM,6:56 AM,1:10 PM,4:31 PM,7:21 PM,8:30 PM
14/05/2025,16-Zkh-1446,Rabu,5:34 AM,5:44 AM,6:56 AM,1:10 PM,4:31 PM,7:21 PM,8:30 PM
15/05/2025,17-Zkh-1446,Khamis,5:33 AM,5:43 AM,6:56 AM,1:10 PM,4:31 PM,7:21 PM,8:30 PM
16/05/2025,18-Zkh-1446,Jumaat,5:33 AM,5:43 AM,6:56 AM,1:10 PM,4:32 PM,7:21 PM,8:30 PM
17/05/2025,19-Zkh-1446,Sabtu,5:33 AM,5:43 AM,6:56 AM,1:10 PM,4:32 PM,7:21 PM,8:31 PM
18/05/2025,20-Zkh-1446,Ahad,5:33 AM,5:43 AM,6:56 AM,1:10 PM,4:32 PM,7:21 PM,8:31 PM
19/05/2025,21-Zkh-1446,Isnin,5:33 AM,5:43 AM,6:56 AM,1:10 PM,4:33 PM,7:21 PM,8:31 PM
20/05/2025,22-Zkh-1446,Selasa,5:32 AM,5:42 AM,6:56 AM,1:10 PM,4:33 PM,7:21 PM,8:31 PM
21/05/2025,23-Zkh-1446,Rabu,5:32 AM,5:42 AM,6:56 AM,1:10 PM,4:33 PM,7:22 PM,8:32 PM
22/05/2025,24-Zkh-1446,Khamis,5:32 AM,5:42 AM,6:56 AM,1:10 PM,4:33 PM,7:22 PM,8:32 PM
23/05/2025,25-Zkh-1446,Jumaat,5:32 AM,5:42 AM,6:56 AM,1:10 PM,4:34 PM,7:22 PM,8:32 PM
24/05/2025,26-Zkh-1446,Sabtu,5:32 AM,5:42 AM,6:56 AM,1:10 PM,4:34 PM,7:22 PM,8:32 PM
25/05/2025,27-Zkh-1446,Ahad,5:32 AM,5:42 AM,6:56 AM,1:11 PM,4:34 PM,7:22 PM,8:33 PM
26/05/2025,28-Zkh-1446,Isnin,5:32 AM,5:42 AM,6:56 AM,1:11 PM,4:35 PM,7:23 PM,8:33 PM
27/05/2025,29-Zkh-1446,Selasa,5:32 AM,5:42 AM,6:56 AM,1:11 PM,4:35 PM,7:23 PM,8:33 PM
28/05/2025,30-Zkh-1446,Rabu,5:32 AM,5:42 AM,6:56 AM,1:11 PM,4:35 PM,7:23 PM,8:34 PM
29/05/2025,01-Zhj-1446,Khamis,5:32 AM,5:42 AM,6:56 AM,1:11 PM,4:35 PM,7:23 PM,8:34 PM
30/05/2025,02-Zhj-1446,Jumaat,5:32 AM,5:42 AM,6:56 AM,1:11 PM,4:36 PM,7:23 PM,8:34 PM
31/05/2025,03-Zhj-1446,Sabtu,5:32 AM,5:42 AM,6:56 AM,1:11 PM,4:36 PM,7:24 PM,8:35 PM
01/06/2025,04-Zhj-1446,Ahad,5:32 AM,5:42 AM,6:56 AM,1:11 PM,4:36 PM,7:24 PM,8:35 PM
02/06/2025,05-Zhj-1446,Isnin,5:32 AM,5:42 AM,6:56 AM,1:12 PM,4:37 PM,7:24 PM,8:35 PM
03/06/2025,06-Zhj-1446,Selasa,5:32 AM,5:42 AM,6:56 AM,1:12 PM,4:37 PM,7:24 PM,8:35 PM
04/06/2025,07-Zhj-1446,Rabu,5:32 AM,5:42 AM,6:56 AM,1:12 PM,4:37 PM,7:25 PM,8:36 PM
05/06/2025,08-Zhj-1446,Khamis,5:32 AM,5:42 AM,6:56 AM,1:12 PM,4:38 PM,7:25 PM,8:36 PM
06/06/2025,09-Zhj-1446,Jumaat,5:32 AM,5:42 AM,6:57 AM,1:12 PM,4:38 PM,7:25 PM,8:36 PM
07/06/2025,10-Zhj-1446,Sabtu,5:32 AM,5:42 AM,6:57 AM,1:13 PM,4:38 PM,7:25 PM,8:37 PM
08/06/2025,11-Zhj-1446,Ahad,5:32 AM,5:42 AM,6:57 AM,1:13 PM,4:38 PM,7:25 PM,8:37 PM
09/06/2025,12-Zhj-1446,Isnin,5:32 AM,5:42 AM,6:57 AM,1:13 PM,4:39 PM,7:26 PM,8:37 PM
10/06/2025,13-Zhj-1446,Selasa,5:32 AM,5:42 AM,6:57 AM,1:13 PM,4:39 PM,7:26 PM,8:37 PM
11/06/2025,14-Zhj-1446,Rabu,5:32 AM,5:42 AM,6:57 AM,1:13 PM,4:39 PM,7:26 PM,8:38 PM
12/06/2025,15-Zhj-1446,Khamis,5:32 AM,5:42 AM,6:57 AM,1:14 PM,4:39 PM,7:26 PM,8:38 PM
13/06/2025,16-Zhj-1446,Jumaat,5:32 AM,5:42 AM,6:58 AM,1:14 PM,4:40 PM,7:27 PM,8:38 PM
14/06/2025,17-Zhj-1446,Sabtu,5:33 AM,5:43 AM,6:58 AM,1:14 PM,4:40 PM,7:27 PM,8:39 PM
15/06/2025,18-Zhj-1446,Ahad,5:33 AM,5:43 AM,6:58 AM,1:14 PM,4:40 PM,7:27 PM,8:39 PM
16/06/2025,19-Zhj-1446,Isnin,5:33 AM,5:43 AM,6:58 AM,1:14 PM,4:41 PM,7:27 PM,8:39 PM
17/06/2025,20-Zhj-1446,Selasa,5:33 AM,5:43 AM,6:58 AM,1:15 PM,4:41 PM,7:28 PM,8:39 PM
18/06/2025,21-Zhj-1446,Rabu,5:33 AM,5:43 AM,6:59 AM,1:15 PM,4:41 PM,7:28 PM,8:40 PM
19/06/2025,22-Zhj-1446,Khamis,5:34 AM,5:44 AM,6:59 AM,1:15 PM,4:41 PM,7:28 PM,8:40 PM
20/06/2025,23-Zhj-1446,Jumaat,5:34 AM,5:44 AM,6:59 AM,1:15 PM,4:41 PM,7:28 PM,8:40 PM
21/06/2025,24-Zhj-1446,Sabtu,5:34 AM,5:44 AM,6:59 AM,1:15 PM,4:42 PM,7:29 PM,8:40 PM
22/06/2025,25-Zhj-1446,Ahad,5:34 AM,5:44 AM,6:59 AM,1:16 PM,4:42 PM,7:29 PM,8:40 PM
23/06/2025,26-Zhj-1446,Isnin,5:34 AM,5:44 AM,7:00 AM,1:16 PM,4:42 PM,7:29 PM,8:41 PM
24/06/2025,27-Zhj-1446,Selasa,5:35 AM,5:45 AM,7:00 AM,1:16 PM,4:42 PM,7:29 PM,8:41 PM
25/06/2025,28-Zhj-1446,Rabu,5:35 AM,5:45 AM,7:00 AM,1:16 PM,4:42 PM,7:29 PM,8:41 PM
26/06/2025,29-Zhj-1446,Khamis,5:35 AM,5:45 AM,7:00 AM,1:17 PM,4:43 PM,7:30 PM,8:41 PM
27/06/2025,01-Muh-1447,Jumaat,5:35 AM,5:45 AM,7:01 AM,1:17 PM,4:43 PM,7:30 PM,8:41 PM
28/06/2025,02-Muh-1447,Sabtu,5:36 AM,5:46 AM,7:01 AM,1:17 PM,4:43 PM,7:30 PM,8:42 PM
29/06/2025,03-Muh-1447,Ahad,5:36 AM,5:46 AM,7:01 AM,1:17 PM,4:43 PM,7:30 PM,8:42 PM
30/06/2025,04-Muh-1447,Isnin,5:36 AM,5:46 AM,7:01 AM,1:17 PM,4:43 PM,7:30 PM,8:42 PM
01/07/2025,05-Muh-1447,Selasa,5:36 AM,5:46 AM,7:02 AM,1:18 PM,4:43 PM,7:30 PM,8:42 PM
02/07/2025,06-Muh-1447,Rabu,5:37 AM,5:47 AM,7:02 AM,1:18 PM,4:44 PM,7:31 PM,8:42 PM
03/07/2025,07-Muh-1447,Khamis,5:37 AM,5:47 AM,7:02 AM,1:18 PM,4:44 PM,7:31 PM,8:42 PM
04/07/2025,08-Muh-1447,Jumaat,5:37 AM,5:47 AM,7:02 AM,1:18 PM,4:44 PM,7:31 PM,8:42 PM
05/07/2025,09-Muh-1447,Sabtu,5:38 AM,5:48 AM,7:02 AM,1:18 PM,4:44 PM,7:31 PM,8:42 PM
06/07/2025,10-Muh-1447,Ahad,5:38 AM,5:48 AM,7:03 AM,1:18 PM,4:44 PM,7:31 PM,8:42 PM
07/07/2025,11-Muh-1447,Isnin,5:38 AM,5:48 AM,7:03 AM,1:19 PM,4:44 PM,7:31 PM,8:42 PM
08/07/2025,12-Muh-1447,Selasa,5:38 AM,5:48 AM,7:03 AM,1:19 PM,4:44 PM,7:31 PM,8:42 PM
09/07/2025,13-Muh-1447,Rabu,5:39 AM,5:49 AM,7:03 AM,1:19 PM,4:44 PM,7:31 PM,8:42 PM
10/07/2025,14-Muh-1447,Khamis,5:39 AM,5:49 AM,7:03 AM,1:19 PM,4:44 PM,7:31 PM,8:43 PM
11/07/2025,15-Muh-1447,Jumaat,5:39 AM,5:49 AM,7:04 AM,1:19 PM,4:44 PM,7:32 PM,8:42 PM
12/07/2025,16-Muh-1447,Sabtu,5:40 AM,5:50 AM,7:04 AM,1:19 PM,4:44 PM,7:32 PM,8:42 PM
13/07/2025,17-Muh-1447,Ahad,5:40 AM,5:50 AM,7:04 AM,1:19 PM,4:44 PM,7:32 PM,8:42 PM
14/07/2025,18-Muh-1447,Isnin,5:40 AM,5:50 AM,7:04 AM,1:20 PM,4:44 PM,7:32 PM,8:42 PM
15/07/2025,19-Muh-1447,Selasa,5:40 AM,5:50 AM,7:04 AM,1:20 PM,4:44 PM,7:32 PM,8:42 PM
16/07/2025,20-Muh-1447,Rabu,5:41 AM,5:51 AM,7:05 AM,1:20 PM,4:44 PM,7:32 PM,8:42 PM
17/07/2025,21-Muh-1447,Khamis,5:41 AM,5:51 AM,7:05 AM,1:20 PM,4:44 PM,7:32 PM,8:42 PM
18/07/2025,22-Muh-1447,Jumaat,5:41 AM,5:51 AM,7:05 AM,1:20 PM,4:44 PM,7:32 PM,8:42 PM
19/07/2025,23-Muh-1447,Sabtu,5:41 AM,5:51 AM,7:05 AM,1:20 PM,4:43 PM,7:32 PM,8:42 PM
20/07/2025,24-Muh-1447,Ahad,5:42 AM,5:52 AM,7:05 AM,1:20 PM,4:43 PM,7:32 PM,8:42 PM
21/07/2025,25-Muh-1447,Isnin,5:42 AM,5:52 AM,7:05 AM,1:20 PM,4:43 PM,7:32 PM,8:42 PM
22/07/2025,26-Muh-1447,Selasa,5:42 AM,5:52 AM,7:06 AM,1:20 PM,4:43 PM,7:32 PM,8:42 PM
23/07/2025,27-Muh-1447,Rabu,5:42 AM,5:52 AM,7:06 AM,1:20 PM,4:43 PM,7:31 PM,8:41 PM
24/07/2025,28-Muh-1447,Khamis,5:43 AM,5:53 AM,7:06 AM,1:20 PM,4:43 PM,7:31 PM,8:41 PM
25/07/2025,29-Muh-1447,Jumaat,5:43 AM,5:53 AM,7:06 AM,1:20 PM,4:42 PM,7:31 PM,8:41 PM
26/07/2025,01-Saf-1447,Sabtu,5:43 AM,5:53 AM,7:06 AM,1:20 PM,4:42 PM,7:31 PM,8:41 PM
27/07/2025,02-Saf-1447,Ahad,5:43 AM,5:53 AM,7:06 AM,1:20 PM,4:42 PM,7:31 PM,8:41 PM
28/07/2025,03-Saf-1447,Isnin,5:44 AM,5:54 AM,7:06 AM,1:20 PM,4:41 PM,7:31 PM,8:40 PM
29/07/2025,04-Saf-1447,Selasa,5:44 AM,5:54 AM,7:06 AM,1:20 PM,4:41 PM,7:31 PM,8:40 PM
30/07/2025,05-Saf-1447,Rabu,5:44 AM,5:54 AM,7:06 AM,1:20 PM,4:41 PM,7:31 PM,8:40 PM
31/07/2025,06-Saf-1447,Khamis,5:44 AM,5:54 AM,7:07 AM,1:20 PM,4:40 PM,7:30 PM,8:39 PM
01/08/2025,07-Saf-1447,Jumaat,5:44 AM,5:54 AM,7:07 AM,1:20 PM,4:40 PM,7:30 PM,8:39 PM
02/08/2025,08-Saf-1447,Sabtu,5:45 AM,5:55 AM,7:07 AM,1:20 PM,4:40 PM,7:30 PM,8:39 PM
03/08/2025,09-Saf-1447,Ahad,5:45 AM,5:55 AM,7:07 AM,1:20 PM,4:39 PM,7:30 PM,8:39 PM
04/08/2025,10-Saf-1447,Isnin,5:45 AM,5:55 AM,7:07 AM,1:20 PM,4:39 PM,7:30 PM,8:38 PM
05/08/2025,11-Saf-1447,Selasa,5:45 AM,5:55 AM,7:07 AM,1:20 PM,4:38 PM,7:29 PM,8:38 PM
06/08/2025,12-Saf-1447,Rabu,5:45 AM,5:55 AM,7:07 AM,1:20 PM,4:38 PM,7:29 PM,8:38 PM
07/08/2025,13-Saf-1447,Khamis,5:45 AM,5:55 AM,7:07 AM,1:19 PM,4:37 PM,7:29 PM,8:37 PM
08/08/2025,14-Saf-1447,Jumaat,5:45 AM,5:55 AM,7:07 AM,1:19 PM,4:37 PM,7:29 PM,8:37 PM
09/08/2025,15-Saf-1447,Sabtu,5:45 AM,5:55 AM,7:07 AM,1:19 PM,4:36 PM,7:28 PM,8:36 PM
10/08/2025,16-Saf-1447,Ahad,5:46 AM,5:56 AM,7:07 AM,1:19 PM,4:36 PM,7:28 PM,8:36 PM
11/08/2025,17-Saf-1447,Isnin,5:46 AM,5:56 AM,7:07 AM,1:19 PM,4:35 PM,7:28 PM,8:36 PM
12/08/2025,18-Saf-1447,Selasa,5:46 AM,5:56 AM,7:07 AM,1:19 PM,4:35 PM,7:28 PM,8:35 PM
13/08/2025,19-Saf-1447,Rabu,5:46 AM,5:56 AM,7:07 AM,1:19 PM,4:34 PM,7:27 PM,8:35 PM
14/08/2025,20-Saf-1447,Khamis,5:46 AM,5:56 AM,7:07 AM,1:18 PM,4:33 PM,7:27 PM,8:34 PM
15/08/2025,21-Saf-1447,Jumaat,5:46 AM,5:56 AM,7:07 AM,1:18 PM,4:33 PM,7:27 PM,8:34 PM
16/08/2025,22-Saf-1447,Sabtu,5:46 AM,5:56 AM,7:07 AM,1:18 PM,4:32 PM,7:26 PM,8:33 PM
17/08/2025,23-Saf-1447,Ahad,5:46 AM,5:56 AM,7:06 AM,1:18 PM,4:31 PM,7:26 PM,8:33 PM
18/08/2025,24-Saf-1447,Isnin,5:46 AM,5:56 AM,7:06 AM,1:18 PM,4:31 PM,7:25 PM,8:33 PM
19/08/2025,25-Saf-1447,Selasa,5:46 AM,5:56 AM,7:06 AM,1:17 PM,4:30 PM,7:25 PM,8:32 PM
20/08/2025,26-Saf-1447,Rabu,5:46 AM,5:56 AM,7:06 AM,1:17 PM,4:29 PM,7:25 PM,8:32 PM
21/08/2025,27-Saf-1447,Khamis,5:46 AM,5:56 AM,7:06 AM,1:17 PM,4:28 PM,7:24 PM,8:31 PM
22/08/2025,28-Saf-1447,Jumaat,5:46 AM,5:56 AM,7:06 AM,1:17 PM,4:27 PM,7:24 PM,8:31 PM
23/08/2025,29-Saf-1447,Sabtu,5:46 AM,5:56 AM,7:06 AM,1:16 PM,4:27 PM,7:23 PM,8:30 PM
24/08/2025,30-Saf-1447,Ahad,5:46 AM,5:56 AM,7:06 AM,1:16 PM,4:26 PM,7:23 PM,8:30 PM
25/08/2025,01-Raw-1447,Isnin,5:46 AM,5:56 AM,7:06 AM,1:16 PM,4:25 PM,7:23 PM,8:29 PM
26/08/2025,02-Raw-1447,Selasa,5:46 AM,5:56 AM,7:06 AM,1:15 PM,4:24 PM,7:22 PM,8:29 PM
27/08/2025,03-Raw-1447,Rabu,5:46 AM,5:56 AM,7:05 AM,1:15 PM,4:23 PM,7:22 PM,8:28 PM
28/08/2025,04-Raw-1447,Khamis,5:46 AM,5:56 AM,7:05 AM,1:15 PM,4:22 PM,7:21 PM,8:28 PM
29/08/2025,05-Raw-1447,Jumaat,5:46 AM,5:56 AM,7:05 AM,1:15 PM,4:21 PM,7:21 PM,8:27 PM
30/08/2025,06-Raw-1447,Sabtu,5:46 AM,5:56 AM,7:05 AM,1:14 PM,4:20 PM,7:20 PM,8:26 PM
31/08/2025,07-Raw-1447,Ahad,5:46 AM,5:56 AM,7:05 AM,1:14 PM,4:19 PM,7:20 PM,8:26 PM
01/09/2025,08-Raw-1447,Isnin,5:46 AM,5:56 AM,7:05 AM,1:14 PM,4:18 PM,7:19 PM,8:25 PM
02/09/2025,09-Raw-1447,Selasa,5:46 AM,5:56 AM,7:05 AM,1:13 PM,4:17 PM,7:19 PM,8:25 PM
03/09/2025,10-Raw-1447,Rabu,5:46 AM,5:56 AM,7:04 AM,1:13 PM,4:16 PM,7:18 PM,8:24 PM
04/09/2025,11-Raw-1447,Khamis,5:45 AM,5:55 AM,7:04 AM,1:13 PM,4:15 PM,7:18 PM,8:24 PM
05/09/2025,12-Raw-1447,Jumaat,5:45 AM,5:55 AM,7:04 AM,1:12 PM,4:14 PM,7:17 PM,8:23 PM
06/09/2025,13-Raw-1447,Sabtu,5:45 AM,5:55 AM,7:04 AM,1:12 PM,4:13 PM,7:17 PM,8:23 PM
07/09/2025,14-Raw-1447,Ahad,5:45 AM,5:55 AM,7:04 AM,1:12 PM,4:12 PM,7:16 PM,8:22 PM
08/09/2025,15-Raw-1447,Isnin,5:45 AM,5:55 AM,7:04 AM,1:11 PM,4:12 PM,7:16 PM,8:21 PM
09/09/2025,16-Raw-1447,Selasa,5:45 AM,5:55 AM,7:03 AM,1:11 PM,4:12 PM,7:15 PM,8:21 PM
10/09/2025,17-Raw-1447,Rabu,5:45 AM,5:55 AM,7:03 AM,1:11 PM,4:13 PM,7:15 PM,8:20 PM
11/09/2025,18-Raw-1447,Khamis,5:45 AM,5:55 AM,7:03 AM,1:10 PM,4:13 PM,7:14 PM,8:20 PM
12/09/2025,19-Raw-1447,Jumaat,5:44 AM,5:54 AM,7:03 AM,1:10 PM,4:13 PM,7:14 PM,8:19 PM
13/09/2025,20-Raw-1447,Sabtu,5:44 AM,5:54 AM,7:03 AM,1:10 PM,4:14 PM,7:13 PM,8:19 PM
14/09/2025,21-Raw-1447,Ahad,5:44 AM,5:54 AM,7:02 AM,1:09 PM,4:14 PM,7:13 PM,8:18 PM
15/09/2025,22-Raw-1447,Isnin,5:44 AM,5:54 AM,7:02 AM,1:09 PM,4:14 PM,7:12 PM,8:18 PM
16/09/2025,23-Raw-1447,Selasa,5:44 AM,5:54 AM,7:02 AM,1:08 PM,4:14 PM,7:12 PM,8:17 PM
17/09/2025,24-Raw-1447,Rabu,5:44 AM,5:54 AM,7:02 AM,1:08 PM,4:14 PM,7:11 PM,8:16 PM
18/09/2025,25-Raw-1447,Khamis,5:43 AM,5:53 AM,7:02 AM,1:08 PM,4:15 PM,7:11 PM,8:16 PM
19/09/2025,26-Raw-1447,Jumaat,5:43 AM,5:53 AM,7:01 AM,1:07 PM,4:15 PM,7:10 PM,8:15 PM
20/09/2025,27-Raw-1447,Sabtu,5:43 AM,5:53 AM,7:01 AM,1:07 PM,4:15 PM,7:10 PM,8:15 PM
21/09/2025,28-Raw-1447,Ahad,5:43 AM,5:53 AM,7:01 AM,1:07 PM,4:15 PM,7:09 PM,8:14 PM
22/09/2025,29-Raw-1447,Isnin,5:43 AM,5:53 AM,7:01 AM,1:06 PM,4:15 PM,7:09 PM,8:14 PM
23/09/2025,01-Rak-1447,Selasa,5:43 AM,5:53 AM,7:01 AM,1:06 PM,4:15 PM,7:08 PM,8:13 PM
24/09/2025,02-Rak-1447,Rabu,5:42 AM,5:52 AM,7:00 AM,1:06 PM,4:16 PM,7:08 PM,8:13 PM
25/09/2025,03-Rak-1447,Khamis,5:42 AM,5:52 AM,7:00 AM,1:05 PM,4:16 PM,7:07 PM,8:12 PM
26/09/2025,04-Rak-1447,Jumaat,5:42 AM,5:52 AM,7:00 AM,1:05 PM,4:16 PM,7:07 PM,8:12 PM
27/09/2025,05-Rak-1447,Sabtu,5:42 AM,5:52 AM,7:00 AM,1:05 PM,4:16 PM,7:06 PM,8:11 PM
28/09/2025,06-Rak-1447,Ahad,5:42 AM,5:52 AM,7:00 AM,1:04 PM,4:16 PM,7:06 PM,8:11 PM
29/09/2025,07-Rak-1447,Isnin,5:42 AM,5:52 AM,7:00 AM,1:04 PM,4:16 PM,7:05 PM,8:10 PM
30/09/2025,08-Rak-1447,Selasa,5:41 AM,5:51 AM,6:59 AM,1:04 PM,4:16 PM,7:05 PM,8:10 PM
01/10/2025,09-Rak-1447,Rabu,5:41 AM,5:51 AM,6:59 AM,1:03 PM,4:16 PM,7:04 PM,8:09 PM
02/10/2025,10-Rak-1447,Khamis,5:41 AM,5:51 AM,6:59 AM,1:03 PM,4:16 PM,7:04 PM,8:09 PM
03/10/2025,11-Rak-1447,Jumaat,5:41 AM,5:51 AM,6:59 AM,1:03 PM,4:16 PM,7:03 PM,8:08 PM
04/10/2025,12-Rak-1447,Sabtu,5:41 AM,5:51 AM,6:59 AM,1:02 PM,4:16 PM,7:03 PM,8:08 PM
05/10/2025,13-Rak-1447,Ahad,5:40 AM,5:50 AM,6:59 AM,1:02 PM,4:17 PM,7:02 PM,8:07 PM
06/10/2025,14-Rak-1447,Isnin,5:40 AM,5:50 AM,6:59 AM,1:02 PM,4:17 PM,7:02 PM,8:07 PM
07/10/2025,15-Rak-1447,Selasa,5:40 AM,5:50 AM,6:58 AM,1:01 PM,4:17 PM,7:01 PM,8:07 PM
08/10/2025,16-Rak-1447,Rabu,5:40 AM,5:50 AM,6:58 AM,1:01 PM,4:17 PM,7:01 PM,8:06 PM
09/10/2025,17-Rak-1447,Khamis,5:40 AM,5:50 AM,6:58 AM,1:01 PM,4:17 PM,7:01 PM,8:06 PM
10/10/2025,18-Rak-1447,Jumaat,5:40 AM,5:50 AM,6:58 AM,1:01 PM,4:17 PM,7:00 PM,8:05 PM
11/10/2025,19-Rak-1447,Sabtu,5:39 AM,5:49 AM,6:58 AM,1:00 PM,4:17 PM,7:00 PM,8:05 PM
12/10/2025,20-Rak-1447,Ahad,5:39 AM,5:49 AM,6:58 AM,1:00 PM,4:17 PM,6:59 PM,8:05 PM
13/10/2025,21-Rak-1447,Isnin,5:39 AM,5:49 AM,6:58 AM,1:00 PM,4:17 PM,6:59 PM,8:04 PM
14/10/2025,22-Rak-1447,Selasa,5:39 AM,5:49 AM,6:58 AM,1:00 PM,4:17 PM,6:58 PM,8:04 PM
15/10/2025,23-Rak-1447,Rabu,5:39 AM,5:49 AM,6:58 AM,12:59 PM,4:17 PM,6:58 PM,8:04 PM
16/10/2025,24-Rak-1447,Khamis,5:39 AM,5:49 AM,6:58 AM,12:59 PM,4:17 PM,6:58 PM,8:03 PM
17/10/2025,25-Rak-1447,Jumaat,5:39 AM,5:49 AM,6:57 AM,12:59 PM,4:17 PM,6:57 PM,8:03 PM
18/10/2025,26-Rak-1447,Sabtu,5:39 AM,5:49 AM,6:57 AM,12:59 PM,4:17 PM,6:57 PM,8:03 PM
19/10/2025,27-Rak-1447,Ahad,5:38 AM,5:48 AM,6:57 AM,12:59 PM,4:17 PM,6:57 PM,8:03 PM
20/10/2025,28-Rak-1447,Isnin,5:38 AM,5:48 AM,6:57 AM,12:58 PM,4:17 PM,6:56 PM,8:02 PM
21/10/2025,29-Rak-1447,Selasa,5:38 AM,5:48 AM,6:57 AM,12:58 PM,4:17 PM,6:56 PM,8:02 PM
22/10/2025,30-Rak-1447,Rabu,5:38 AM,5:48 AM,6:57 AM,12:58 PM,4:17 PM,6:56 PM,8:02 PM
23/10/2025,01-Jaw-1447,Khamis,5:38 AM,5:48 AM,6:57 AM,12:58 PM,4:17 PM,6:55 PM,8:02 PM
24/10/2025,02-Jaw-1447,Jumaat,5:38 AM,5:48 AM,6:57 AM,12:58 PM,4:17 PM,6:55 PM,8:01 PM
25/10/2025,03-Jaw-1447,Sabtu,5:38 AM,5:48 AM,6:57 AM,12:58 PM,4:17 PM,6:55 PM,8:01 PM
26/10/2025,04-Jaw-1447,Ahad,5:38 AM,5:48 AM,6:57 AM,12:58 PM,4:17 PM,6:55 PM,8:01 PM
27/10/2025,05-Jaw-1447,Isnin,5:38 AM,5:48 AM,6:58 AM,12:58 PM,4:17 PM,6:54 PM,8:01 PM
28/10/2025,06-Jaw-1447,Selasa,5:38 AM,5:48 AM,6:58 AM,12:57 PM,4:17 PM,6:54 PM,8:01 PM
29/10/2025,07-Jaw-1447,Rabu,5:38 AM,5:48 AM,6:58 AM,12:57 PM,4:17 PM,6:54 PM,8:01 PM
30/10/2025,08-Jaw-1447,Khamis,5:38 AM,5:48 AM,6:58 AM,12:57 PM,4:17 PM,6:54 PM,8:00 PM
31/10/2025,09-Jaw-1447,Jumaat,5:38 AM,5:48 AM,6:58 AM,12:57 PM,4:17 PM,6:54 PM,8:00 PM
01/11/2025,10-Jaw-1447,Sabtu,5:38 AM,5:48 AM,6:58 AM,12:57 PM,4:17 PM,6:53 PM,8:00 PM
02/11/2025,11-Jaw-1447,Ahad,5:38 AM,5:48 AM,6:58 AM,12:57 PM,4:18 PM,6:53 PM,8:00 PM
03/11/2025,12-Jaw-1447,Isnin,5:38 AM,5:48 AM,6:58 AM,12:57 PM,4:18 PM,6:53 PM,8:00 PM
04/11/2025,13-Jaw-1447,Selasa,5:38 AM,5:48 AM,6:58 AM,12:57 PM,4:18 PM,6:53 PM,8:00 PM
05/11/2025,14-Jaw-1447,Rabu,5:38 AM,5:48 AM,6:58 AM,12:57 PM,4:18 PM,6:53 PM,8:00 PM
06/11/2025,15-Jaw-1447,Khamis,5:38 AM,5:48 AM,6:59 AM,12:57 PM,4:18 PM,6:53 PM,8:00 PM
07/11/2025,16-Jaw-1447,Jumaat,5:38 AM,5:48 AM,6:59 AM,12:57 PM,4:18 PM,6:53 PM,8:00 PM
08/11/2025,17-Jaw-1447,Sabtu,5:38 AM,5:48 AM,6:59 AM,12:57 PM,4:18 PM,6:53 PM,8:00 PM
09/11/2025,18-Jaw-1447,Ahad,5:38 AM,5:48 AM,6:59 AM,12:57 PM,4:18 PM,6:53 PM,8:00 PM
10/11/2025,19-Jaw-1447,Isnin,5:38 AM,5:48 AM,6:59 AM,12:58 PM,4:18 PM,6:52 PM,8:00 PM
11/11/2025,20-Jaw-1447,Selasa,5:39 AM,5:49 AM,7:00 AM,12:58 PM,4:19 PM,6:52 PM,8:00 PM
12/11/2025,21-Jaw-1447,Rabu,5:39 AM,5:49 AM,7:00 AM,12:58 PM,4:19 PM,6:52 PM,8:01 PM
13/11/2025,22-Jaw-1447,Khamis,5:39 AM,5:49 AM,7:00 AM,12:58 PM,4:19 PM,6:52 PM,8:01 PM
14/11/2025,23-Jaw-1447,Jumaat,5:39 AM,5:49 AM,7:00 AM,12:58 PM,4:19 PM,6:53 PM,8:01 PM
15/11/2025,24-Jaw-1447,Sabtu,5:39 AM,5:49 AM,7:01 AM,12:58 PM,4:19 PM,6:53 PM,8:01 PM
16/11/2025,25-Jaw-1447,Ahad,5:39 AM,5:49 AM,7:01 AM,12:58 PM,4:20 PM,6:53 PM,8:01 PM
17/11/2025,26-Jaw-1447,Isnin,5:40 AM,5:50 AM,7:01 AM,12:59 PM,4:20 PM,6:53 PM,8:01 PM
18/11/2025,27-Jaw-1447,Selasa,5:40 AM,5:50 AM,7:02 AM,12:59 PM,4:20 PM,6:53 PM,8:01 PM
19/11/2025,28-Jaw-1447,Rabu,5:40 AM,5:50 AM,7:02 AM,12:59 PM,4:20 PM,6:53 PM,8:02 PM
20/11/2025,29-Jaw-1447,Khamis,5:40 AM,5:50 AM,7:02 AM,12:59 PM,4:20 PM,6:53 PM,8:02 PM
21/11/2025,30-Jaw-1447,Jumaat,5:40 AM,5:50 AM,7:03 AM,12:59 PM,4:21 PM,6:53 PM,8:02 PM
22/11/2025,01-Jak-1447,Sabtu,5:41 AM,5:51 AM,7:03 AM,1:00 PM,4:21 PM,6:53 PM,8:02 PM
23/11/2025,02-Jak-1447,Ahad,5:41 AM,5:51 AM,7:03 AM,1:00 PM,4:21 PM,6:54 PM,8:03 PM
24/11/2025,03-Jak-1447,Isnin,5:41 AM,5:51 AM,7:04 AM,1:00 PM,4:21 PM,6:54 PM,8:03 PM
25/11/2025,04-Jak-1447,Selasa,5:42 AM,5:52 AM,7:04 AM,1:01 PM,4:22 PM,6:54 PM,8:03 PM
26/11/2025,05-Jak-1447,Rabu,5:42 AM,5:52 AM,7:05 AM,1:01 PM,4:22 PM,6:54 PM,8:04 PM
27/11/2025,06-Jak-1447,Khamis,5:42 AM,5:52 AM,7:05 AM,1:01 PM,4:22 PM,6:54 PM,8:04 PM
28/11/2025,07-Jak-1447,Jumaat,5:42 AM,5:52 AM,7:05 AM,1:02 PM,4:23 PM,6:55 PM,8:04 PM
29/11/2025,08-Jak-1447,Sabtu,5:43 AM,5:53 AM,7:06 AM,1:02 PM,4:23 PM,6:55 PM,8:05 PM
30/11/2025,09-Jak-1447,Ahad,5:43 AM,5:53 AM,7:06 AM,1:02 PM,4:23 PM,6:55 PM,8:05 PM
01/12/2025,10-Jak-1447,Isnin,5:44 AM,5:54 AM,7:07 AM,1:03 PM,4:24 PM,6:55 PM,8:05 PM
02/12/2025,11-Jak-1447,Selasa,5:44 AM,5:54 AM,7:07 AM,1:03 PM,4:24 PM,6:56 PM,8:06 PM
03/12/2025,12-Jak-1447,Rabu,5:44 AM,5:54 AM,7:08 AM,1:03 PM,4:25 PM,6:56 PM,8:06 PM
04/12/2025,13-Jak-1447,Khamis,5:45 AM,5:55 AM,7:08 AM,1:04 PM,4:25 PM,6:56 PM,8:06 PM
05/12/2025,14-Jak-1447,Jumaat,5:45 AM,5:55 AM,7:08 AM,1:04 PM,4:25 PM,6:57 PM,8:07 PM
06/12/2025,15-Jak-1447,Sabtu,5:45 AM,5:55 AM,7:09 AM,1:05 PM,4:26 PM,6:57 PM,8:07 PM
07/12/2025,16-Jak-1447,Ahad,5:46 AM,5:56 AM,7:09 AM,1:05 PM,4:26 PM,6:58 PM,8:08 PM
08/12/2025,17-Jak-1447,Isnin,5:46 AM,5:56 AM,7:10 AM,1:05 PM,4:27 PM,6:58 PM,8:08 PM
09/12/2025,18-Jak-1447,Selasa,5:47 AM,5:57 AM,7:10 AM,1:06 PM,4:27 PM,6:58 PM,8:09 PM
10/12/2025,19-Jak-1447,Rabu,5:47 AM,5:57 AM,7:11 AM,1:06 PM,4:27 PM,6:59 PM,8:09 PM
11/12/2025,20-Jak-1447,Khamis,5:48 AM,5:58 AM,7:11 AM,1:07 PM,4:28 PM,6:59 PM,8:10 PM
12/12/2025,21-Jak-1447,Jumaat,5:48 AM,5:58 AM,7:12 AM,1:07 PM,4:28 PM,7:00 PM,8:10 PM
13/12/2025,22-Jak-1447,Sabtu,5:49 AM,5:59 AM,7:12 AM,1:08 PM,4:29 PM,7:00 PM,8:10 PM
14/12/2025,23-Jak-1447,Ahad,5:49 AM,5:59 AM,7:13 AM,1:08 PM,4:29 PM,7:00 PM,8:11 PM
15/12/2025,24-Jak-1447,Isnin,5:50 AM,6:00 AM,7:13 AM,1:09 PM,4:30 PM,7:01 PM,8:11 PM
16/12/2025,25-Jak-1447,Selasa,5:50 AM,6:00 AM,7:14 AM,1:09 PM,4:30 PM,7:01 PM,8:12 PM
17/12/2025,26-Jak-1447,Rabu,5:50 AM,6:00 AM,7:14 AM,1:10 PM,4:31 PM,7:02 PM,8:12 PM
18/12/2025,27-Jak-1447,Khamis,5:51 AM,6:01 AM,7:15 AM,1:10 PM,4:31 PM,7:02 PM,8:13 PM
19/12/2025,28-Jak-1447,Jumaat,5:51 AM,6:01 AM,7:15 AM,1:11 PM,4:32 PM,7:03 PM,8:13 PM
20/12/2025,29-Jak-1447,Sabtu,5:52 AM,6:02 AM,7:16 AM,1:11 PM,4:32 PM,7:03 PM,8:14 PM
21/12/2025,30-Jak-1447,Ahad,5:52 AM,6:02 AM,7:16 AM,1:12 PM,4:33 PM,7:04 PM,8:14 PM
22/12/2025,01-Rej-1447,Isnin,5:53 AM,6:03 AM,7:17 AM,1:12 PM,4:33 PM,7:04 PM,8:15 PM
23/12/2025,02-Rej-1447,Selasa,5:53 AM,6:03 AM,7:17 AM,1:13 PM,4:34 PM,7:05 PM,8:15 PM
24/12/2025,03-Rej-1447,Rabu,5:54 AM,6:04 AM,7:18 AM,1:13 PM,4:34 PM,7:05 PM,8:16 PM
25/12/2025,04-Rej-1447,Khamis,5:54 AM,6:04 AM,7:18 AM,1:14 PM,4:35 PM,7:06 PM,8:16 PM
26/12/2025,05-Rej-1447,Jumaat,5:55 AM,6:05 AM,7:19 AM,1:14 PM,4:35 PM,7:06 PM,8:17 PM
27/12/2025,06-Rej-1447,Sabtu,5:55 AM,6:05 AM,7:19 AM,1:15 PM,4:36 PM,7:07 PM,8:17 PM
28/12/2025,07-Rej-1447,Ahad,5:56 AM,6:06 AM,7:20 AM,1:15 PM,4:36 PM,7:07 PM,8:18 PM
29/12/2025,08-Rej-1447,Isnin,5:56 AM,6:06 AM,7:20 AM,1:16 PM,4:37 PM,7:08 PM,8:18 PM
30/12/2025,09-Rej-1447,Selasa,5:57 AM,6:07 AM,7:21 AM,1:16 PM,4:37 PM,7:08 PM,8:19 PM
31/12/2025,10-Rej-1447,Rabu,5:57 AM,6:07 AM,7:21 AM,1:17 PM,4:38 PM,7:09 PM,8:19 PM
